-8.232543, -0.280439, 3.120087, 0.000000
-8.238110, -0.281738, 3.119562, 0.000000
-8.237418, -0.282846, 3.122646, 0.000000
-8.225534, -0.285351, 3.120115, 0.000000
-8.230730, -0.288417, 3.122692, 0.000000
-8.263183, -0.285741, 3.121014, 0.000000
-8.259226, -0.285076, 3.118776, 0.000000
-8.262387, -0.282641, 3.120680, 0.000000
-8.263348, -0.286639, 3.122290, 0.000000
-8.277464, -0.284486, 3.120935, 0.000000
-8.269243, -0.283659, 3.118721, 0.000000
-8.255302, -0.282880, 3.119176, 0.000000
-8.248039, -0.283229, 3.121362, 0.000000
-8.272315, -0.284035, 3.121276, 0.000000
-8.260853, -0.281796, 3.121862, 0.000000
-8.263898, -0.285491, 3.120565, 0.000000
-8.240337, -0.287057, 3.122549, 0.000000
-8.241362, -0.283976, 3.120927, 0.000000
-8.240001, -0.280417, 3.120958, 0.000000
-8.241159, -0.276723, 3.119144, 0.000000
-8.238325, -0.278770, 3.119639, 0.000000
-8.214674, -0.276352, 3.117617, 0.000000
-8.211883, -0.277542, 3.120375, 0.000000
-8.189033, -0.281011, 3.118006, 0.000000
-8.169642, -0.281232, 3.121757, 0.000000
-8.188675, -0.277724, 3.118286, 0.000000
-8.177595, -0.274516, 3.116959, 0.000000
-8.184539, -0.276512, 3.117773, 0.000000
-8.169352, -0.277330, 3.119605, 0.000000
-8.162283, -0.279737, 3.122235, 0.000000
-8.157682, -0.278162, 3.119351, 0.000000
-8.157510, -0.283208, 3.120761, 0.000000
-8.163790, -0.285080, 3.119338, 0.000000
-8.172106, -0.282389, 3.118803, 0.000000
-8.178538, -0.279653, 3.118191, 0.000000
-8.206506, -0.280224, 3.120988, 0.000000
-8.196874, -0.279591, 3.118676, 0.000000
-8.185798, -0.276150, 3.118935, 0.000000
-8.179655, -0.276025, 3.119615, 0.000000
-8.161344, -0.281374, 3.122211, 0.000000
-8.146469, -0.282652, 3.118677, 0.000000
-8.147727, -0.280525, 3.121041, 0.000000
-8.147445, -0.275318, 3.121032, 0.000000
-8.155563, -0.279895, 3.119035, 0.000000
-8.163555, -0.280083, 3.116653, 0.000000
-8.171789, -0.280829, 3.117472, 0.000000
-8.165974, -0.285785, 3.120373, 0.000000
-8.173818, -0.287322, 3.121306, 0.000000
-8.191916, -0.290498, 3.120877, 0.000000
-8.199520, -0.292471, 3.122494, 0.000000
-8.224304, -0.292839, 3.122297, 0.000000
-8.232679, -0.290297, 3.120344, 0.000000
-8.237535, -0.287156, 3.120299, 0.000000
-8.235589, -0.286041, 3.119968, 0.000000
-8.238431, -0.281869, 3.118345, 0.000000
-8.256941, -0.277659, 3.118308, 0.000000
-8.260628, -0.283332, 3.120741, 0.000000
-8.250897, -0.281576, 3.119964, 0.000000
-8.261996, -0.280089, 3.119294, 0.000000
-8.266876, -0.281220, 3.122310, 0.000000
-8.275996, -0.280437, 3.119041, 0.000000
-8.291912, -0.280249, 3.116924, 0.000000
-8.262487, -0.276330, 3.111423, 0.000000
-8.252219, -0.275879, 3.120954, 0.000000
-8.225840, -0.281530, 3.116568, 0.000000
-8.223501, -0.284336, 3.116669, 0.000000
-8.140048, -0.292473, 3.112960, 0.000000
-8.074145, -0.292996, 3.111133, 0.000000
-8.097029, -0.286151, 3.107865, 0.000000
-8.121551, -0.286429, 3.105137, 0.000000
-8.172079, -0.279949, 3.099414, 0.000000
-8.240317, -0.273189, 3.094662, 0.000000
-8.290943, -0.268812, 3.085829, 0.000000
-8.355274, -0.260811, 3.080912, 0.000000
-8.415577, -0.257000, 3.075480, 0.000000
-8.491003, -0.252182, 3.070130, 0.000000
-8.541651, -0.252104, 3.067896, 0.000000
-8.631733, -0.246211, 3.066317, 0.000000
-8.728031, -0.236864, 3.065112, 0.000000
-8.834252, -0.229708, 3.065710, 0.000000
-8.928315, -0.224776, 3.068023, 0.000000
-8.958628, -0.223100, 3.068941, 0.000000
-9.068645, -0.215254, 3.069074, 0.000000
-9.167367, -0.208841, 3.070976, 0.000000
-9.218187, -0.198796, 3.073321, 0.000000
-9.328629, -0.185350, 3.080006, 0.000000
-9.383653, -0.177686, 3.084258, 0.000000
-9.387868, -0.172411, 3.089051, 0.000000
-9.346719, -0.168346, 3.092299, 0.000000
-9.319619, -0.166838, 3.098589, 0.000000
-9.335776, -0.166826, 3.102513, 0.000000
-9.337079, -0.166162, 3.103210, 0.000000
-9.382451, -0.164673, 3.107202, 0.000000
-9.470290, -0.162049, 3.108600, 0.000000
-9.504454, -0.159955, 3.109527, 0.000000
-9.528126, -0.157701, 3.111616, 0.000000
-9.615701, -0.154619, 3.111787, 0.000000
-9.767274, -0.150299, 3.110819, 0.000000
-9.933703, -0.151311, 3.109436, 0.000000
-9.985970, -0.150869, 3.108896, 0.000000
-10.072677, -0.150983, 3.111210, 0.000000
-10.138827, -0.148847, 3.112302, 0.000000
-10.221422, -0.145339, 3.108228, 0.000000
-10.333580, -0.141921, 3.108658, 0.000000
-10.490945, -0.132114, 3.109881, 0.000000
-10.577867, -0.129233, 3.110095, 0.000000
-10.650822, -0.126316, 3.110939, 0.000000
-10.709580, -0.117015, 3.111366, 0.000000
-10.737121, -0.114898, 3.111084, 0.000000
-10.775329, -0.111528, 3.110813, 0.000000
-10.734772, -0.112751, 3.110373, 0.000000
-10.874807, -0.101509, 3.109203, 0.000000
-10.993660, -0.099642, 3.109704, 0.000000
-11.023646, -0.094422, 3.111766, 0.000000
-11.025681, -0.093387, 3.109729, 0.000000
-11.017110, -0.092082, 3.111667, 0.000000
-11.078593, -0.086265, 3.111391, 0.000000
-11.107977, -0.085568, 3.111814, 0.000000
-11.109622, -0.081848, 3.113724, 0.000000
-11.124827, -0.082034, 3.112057, 0.000000
-11.186916, -0.080016, 3.115053, 0.000000
-11.195587, -0.080374, 3.114669, 0.000000
-11.324307, -0.074953, 3.113554, 0.000000
-11.324402, -0.077915, 3.113344, 0.000000
-11.428736, -0.075147, 3.113287, 0.000000
-11.438933, -0.073328, 3.111541, 0.000000
-11.517762, -0.069579, 3.110199, 0.000000
-11.554317, -0.066270, 3.111650, 0.000000
-11.570689, -0.066198, 3.110812, 0.000000
-11.564825, -0.061309, 3.110958, 0.000000
-11.584278, -0.057803, 3.111916, 0.000000
-11.523710, -0.057828, 3.110249, 0.000000
-11.528894, -0.059972, 3.111684, 0.000000
-11.607498, -0.061320, 3.113222, 0.000000
-11.571640, -0.057456, 3.111497, 0.000000
-11.644953, -0.057372, 3.112406, 0.000000
-11.602908, -0.052196, 3.111450, 0.000000
-11.550705, -0.051535, 3.111800, 0.000000
-11.537694, -0.050556, 3.110194, 0.000000
-11.544666, -0.049541, 3.110662, 0.000000
-11.504429, -0.051032, 3.111109, 0.000000
-11.529233, -0.048398, 3.110594, 0.000000
-11.533157, -0.048721, 3.110308, 0.000000
-11.607758, -0.040506, 3.109650, 0.000000
-11.654017, -0.033897, 3.106462, 0.000000
-11.755406, -0.027160, 3.106201, 0.000000
-11.742405, -0.025850, 3.105111, 0.000000
-11.784779, -0.022600, 3.101388, 0.000000
-11.811198, -0.020934, 3.104969, 0.000000
-11.843569, -0.028229, 3.104195, 0.000000
-11.848375, -0.038366, 3.111282, 0.000000
-11.876497, -0.039989, 3.108541, 0.000000
-11.917044, -0.038022, 3.114407, 0.000000
-12.007913, -0.033498, 3.125951, 0.000000
-12.033650, -0.029029, 3.124091, 0.000000
-12.060390, -0.028338, 3.123278, 0.000000
-12.094732, -0.032216, 3.132094, 0.000000
-12.148276, -0.033054, 3.138528, 0.000000
-12.235323, -0.033176, 3.133488, 0.000000
-12.276172, -0.032516, 3.132837, 0.000000
-12.323979, -0.028121, 3.125466, 0.000000
-12.370063, -0.023464, 3.125649, 0.000000
-12.435776, -0.022036, 3.121251, 0.000000
-12.431944, -0.021660, 3.117929, 0.000000
-12.513989, -0.013961, 3.109979, 0.000000
-12.542223, -0.013773, 3.126273, 0.000000
-12.589886, -0.019393, 3.121633, 0.000000
-12.597892, -0.024679, 3.133080, 0.000000
-12.675029, -0.028431, -3.110727, 0.000000
-12.732936, -0.043302, -3.027711, 0.000000
-12.763321, -0.058521, -2.981188, 0.000000
-12.774316, -0.077857, -2.932171, 0.000000
-12.789681, -0.086885, -2.923110, 0.000000
-12.802906, -0.096414, -2.913179, 0.000000
-12.819602, -0.104042, -2.883743, 0.000000
-12.835779, -0.114269, -2.861796, 0.000000
-12.844416, -0.122252, -2.843991, 0.000000
-12.867667, -0.130351, -2.825751, 0.000000
-12.884130, -0.138388, -2.819407, 0.000000
-12.904530, -0.149347, -2.774766, 0.000000
-12.935404, -0.161142, -2.756651, 0.000000
-12.963854, -0.168895, -2.738107, 0.000000
-12.987083, -0.173713, -2.741195, 0.000000
-13.015874, -0.191180, -2.685893, 0.000000
-13.058361, -0.192995, -2.682795, 0.000000
-13.095172, -0.192595, -2.678461, 0.000000
-13.125918, -0.192614, -2.672266, 0.000000
-13.141088, -0.203724, -2.667725, 0.000000
-13.165224, -0.220852, -2.648963, 0.000000
-13.190057, -0.239299, -2.640263, 0.000000
-13.203221, -0.266652, -2.577990, 0.000000
-13.220342, -0.282733, -2.608444, 0.000000
-13.237089, -0.291148, -2.603334, 0.000000
-13.251685, -0.299791, -2.599699, 0.000000
-13.274483, -0.308620, -2.583433, 0.000000
-13.278602, -0.300706, -2.587557, 0.000000
-13.302239, -0.312822, -2.576036, 0.000000
-13.325283, -0.321324, -2.558968, 0.000000
-13.342159, -0.345553, -2.493900, 0.000000
-13.356555, -0.367257, -2.485198, 0.000000
-13.376512, -0.395337, -2.501978, 0.000000
-13.390726, -0.401954, -2.520271, 0.000000
-13.409497, -0.415340, -2.506670, 0.000000
-13.417232, -0.414964, -2.507146, 0.000000
-13.440940, -0.434558, -2.502868, 0.000000
-13.455290, -0.443167, -2.502157, 0.000000
-13.456903, -0.441736, -2.500097, 0.000000
-13.486638, -0.466185, -2.503377, 0.000000
-13.488847, -0.460033, -2.500573, 0.000000
-13.511880, -0.479720, -2.560518, 0.000000
-13.546921, -0.502491, -2.554427, 0.000000
-13.623113, -0.565203, -2.582053, 0.000000
-13.680755, -0.611869, -2.603695, 0.000000
-13.749590, -0.650079, -2.565520, 0.000000
-13.773405, -0.658037, -2.542531, 0.000000
-13.843494, -0.697456, -2.547727, 0.000000
-13.902337, -0.713048, -2.529473, 0.000000
-13.922467, -0.698706, -2.572622, 0.000000
-13.934441, -0.650743, -2.752368, 0.000000
-14.013107, -0.597287, -2.915302, 0.000000
-14.071076, -0.546565, -2.979843, 0.000000
-14.054643, -0.496252, -3.066303, 0.000000
-14.048727, -0.448694, -3.097579, 0.000000
-14.094809, -0.411476, -3.098522, 0.000000
-14.077517, -0.382634, -3.116185, 0.000000
-14.022717, -0.359318, -3.125233, 0.000000
-14.015300, -0.344150, -3.129135, 0.000000
-13.976431, -0.330967, -3.131212, 0.000000
-13.954493, -0.309266, -3.139423, 0.000000
-13.942839, -0.286624, 3.133421, 0.000000
-13.954919, -0.264815, 3.126389, 0.000000
-13.892168, -0.250138, 3.125539, 0.000000
-13.845935, -0.237376, 3.125319, 0.000000
-13.822767, -0.224832, 3.122302, 0.000000
-13.850495, -0.212550, 3.128211, 0.000000
-13.859071, -0.196147, 3.123660, 0.000000
-13.848120, -0.169431, 3.112568, 0.000000
-13.852505, -0.140767, 3.099619, 0.000000
-13.832948, -0.118945, 3.095770, 0.000000
-13.816877, -0.104459, 3.085873, 0.000000
-13.803375, -0.098946, 3.088769, 0.000000
-13.786481, -0.084893, 3.089826, 0.000000
-13.705233, -0.063209, 3.070184, 0.000000
-13.657317, -0.038663, 3.047367, 0.000000
-13.666098, -0.028340, 3.049875, 0.000000
-13.639969, -0.053700, 3.065047, 0.000000
-13.571398, -0.085296, 3.075368, 0.000000
-13.624841, -0.089928, 3.080355, 0.000000
-13.661836, -0.088376, 3.086264, 0.000000
-13.703251, -0.078595, 3.083987, 0.000000
-13.723393, -0.063639, 3.085175, 0.000000
-13.762050, -0.052877, 3.082510, 0.000000
-13.764524, -0.049255, 3.084026, 0.000000
-13.799582, -0.039612, 3.088647, 0.000000
-13.831768, -0.028072, 3.093031, 0.000000
-13.760750, -0.027539, 3.096964, 0.000000
-13.813752, -0.023176, 3.104000, 0.000000
-13.732233, -0.019130, 3.108433, 0.000000
-13.725479, -0.021856, 3.115455, 0.000000
-13.692136, -0.018667, 3.121380, 0.000000
-13.670298, -0.009071, 3.123114, 0.000000
-13.706472, -0.007667, 3.125208, 0.000000
-13.710635, -0.064124, -3.075219, 0.000000
-13.697370, -0.114624, -3.033937, 0.000000
-13.688383, -0.137435, -3.042353, 0.000000
-13.645359, -0.146132, -3.051543, 0.000000
-13.612106, -0.149887, -3.063074, 0.000000
-13.609129, -0.157155, -3.085867, 0.000000
-13.627821, -0.150223, -3.116306, 0.000000
-13.615359, -0.130318, 3.140057, 0.000000
-13.558768, -0.123672, 3.129182, 0.000000
-13.578814, -0.115966, 3.114529, 0.000000
-13.600424, -0.117356, 3.103913, 0.000000
-13.631359, -0.121267, 3.094037, 0.000000
-13.649633, -0.104625, 3.072167, 0.000000
-13.620252, -0.091706, 3.064518, 0.000000
-13.573214, -0.069639, 3.059532, 0.000000
-13.591332, -0.060748, 3.061233, 0.000000
-13.572088, -0.058866, 3.061281, 0.000000
-13.522143, -0.069312, 3.072700, 0.000000
-13.502534, -0.080984, 3.083252, 0.000000
-13.472086, -0.083119, 3.086248, 0.000000
-13.354953, -0.082581, 3.096205, 0.000000
-13.346815, -0.067899, 3.090572, 0.000000
-13.381345, -0.067182, 3.103883, 0.000000
-13.346533, -0.081274, 3.109057, 0.000000
-13.291190, -0.075700, 3.115786, 0.000000
-13.221613, -0.062447, 3.127985, 0.000000
-13.167964, -0.055182, -3.140868, 0.000000
-13.087120, -0.041812, -3.140794, 0.000000
-13.064839, -0.040079, -3.125730, 0.000000
-13.041853, -0.043126, -3.092992, 0.000000
-13.028292, -0.034842, -3.073294, 0.000000
-12.966657, -0.038266, -3.059820, 0.000000
-12.915101, -0.040928, -3.052264, 0.000000
-12.867073, -0.042176, -3.001271, 0.000000
-12.830423, -0.034877, -2.987662, 0.000000
-12.822153, -0.048810, -2.970179, 0.000000
-12.815221, -0.057348, -2.960612, 0.000000
-12.818016, -0.068497, -2.923714, 0.000000
-12.818626, -0.069151, -2.896430, 0.000000
-12.826717, -0.084799, -2.874824, 0.000000
-12.834310, -0.105912, -2.859715, 0.000000
-12.839351, -0.118549, -2.848169, 0.000000
-12.853590, -0.127125, -2.812902, 0.000000
-12.866016, -0.157570, -2.763861, 0.000000
-12.899983, -0.184915, -2.726724, 0.000000
-12.921751, -0.214122, -2.694430, 0.000000
-12.939742, -0.238809, -2.648088, 0.000000
-12.972544, -0.267089, -2.612699, 0.000000
-13.024859, -0.277744, -2.615739, 0.000000
-13.054741, -0.314100, -2.576460, 0.000000
-13.102124, -0.362329, -2.515997, 0.000000
-13.137042, -0.384595, -2.495638, 0.000000
-13.154407, -0.395342, -2.504108, 0.000000
-13.188446, -0.399917, -2.518537, 0.000000
-13.214491, -0.406203, -2.509641, 0.000000
-13.235535, -0.409871, -2.491136, 0.000000
-13.271681, -0.422873, -2.502850, 0.000000
-13.302531, -0.429470, -2.489063, 0.000000
-13.326761, -0.435665, -2.491895, 0.000000
-13.348043, -0.446205, -2.476500, 0.000000
-13.371074, -0.459647, -2.479073, 0.000000
-13.385562, -0.467801, -2.496219, 0.000000
-13.405319, -0.477578, -2.494793, 0.000000
-13.436999, -0.490078, -2.547498, 0.000000
-13.465550, -0.496827, -2.550204, 0.000000
-13.475847, -0.493494, -2.560864, 0.000000
-13.510864, -0.520570, -2.613153, 0.000000
-13.527767, -0.534051, -2.623415, 0.000000
-13.554385, -0.551040, -2.609657, 0.000000
-13.583758, -0.571860, -2.625133, 0.000000
-13.601192, -0.583724, -2.632381, 0.000000
-13.644818, -0.610569, -2.610584, 0.000000
-13.648575, -0.610837, -2.609202, 0.000000
-13.682116, -0.624736, -2.585656, 0.000000
-13.711026, -0.640943, -2.566193, 0.000000
-13.745499, -0.659516, -2.596605, 0.000000
-13.754868, -0.655616, -2.602732, 0.000000
-13.759272, -0.653478, -2.623082, 0.000000
-13.736450, -0.626555, -2.741931, 0.000000
-13.640861, -0.548183, -2.997741, 0.000000
-13.664720, -0.487311, -3.108803, 0.000000
-13.712337, -0.425588, 3.114307, 0.000000
-13.712370, -0.381224, 3.077038, 0.000000
-13.715495, -0.354057, 3.066667, 0.000000
-13.709686, -0.326565, 3.064145, 0.000000
-13.696207, -0.305522, 3.056902, 0.000000
-13.654025, -0.280101, 3.053182, 0.000000
-13.618414, -0.241157, 3.031066, 0.000000
-13.600966, -0.204971, 3.023456, 0.000000
-13.602276, -0.178998, 3.022290, 0.000000
-13.584678, -0.165300, 3.024180, 0.000000
-13.582671, -0.162290, 3.027485, 0.000000
-13.617822, -0.155071, 3.043868, 0.000000
-13.628136, -0.146807, 3.046801, 0.000000
-13.635602, -0.140674, 3.049324, 0.000000
-13.640481, -0.132151, 3.060256, 0.000000
-13.632763, -0.133643, 3.058615, 0.000000
-13.600047, -0.137285, 3.068697, 0.000000
-13.624510, -0.133634, 3.070449, 0.000000
-13.613252, -0.129101, 3.077036, 0.000000
-13.574226, -0.127541, 3.078945, 0.000000
-13.602057, -0.123985, 3.081810, 0.000000
-13.571114, -0.119752, 3.082304, 0.000000
-13.549665, -0.111324, 3.080924, 0.000000
-13.552451, -0.104098, 3.076542, 0.000000
-13.507415, -0.094339, 3.073669, 0.000000
-13.559938, -0.078607, 3.072088, 0.000000
-13.555089, -0.060811, 3.064637, 0.000000
-13.540372, -0.050487, 3.056788, 0.000000
-13.505957, -0.050899, 3.060988, 0.000000
-13.513579, -0.046707, 3.058523, 0.000000
-13.507509, -0.055255, 3.069737, 0.000000
-13.468837, -0.058641, 3.071912, 0.000000
-13.404298, -0.062946, 3.076614, 0.000000
-13.456252, -0.056521, 3.074994, 0.000000
-13.448810, -0.054862, 3.075735, 0.000000
-13.392197, -0.057334, 3.079425, 0.000000
-13.352256, -0.056757, 3.078222, 0.000000
-13.318239, -0.056678, 3.078364, 0.000000
-13.312163, -0.051908, 3.081910, 0.000000
-13.312175, -0.044705, 3.078731, 0.000000
-13.271211, -0.040389, 3.077954, 0.000000
-13.206049, -0.036301, 3.081783, 0.000000
-13.278951, -0.027535, 3.081990, 0.000000
-13.307773, -0.026232, 3.083829, 0.000000
-13.354681, -0.020025, 3.086194, 0.000000
-13.368822, -0.018023, 3.084867, 0.000000
-13.325875, -0.014494, 3.078790, 0.000000
-13.276582, -0.017333, 3.082429, 0.000000
-13.265655, -0.031709, 3.091754, 0.000000
-13.242465, -0.043026, 3.097080, 0.000000
-13.245645, -0.058683, 3.106090, 0.000000
-13.295711, -0.071662, 3.109284, 0.000000
-13.322782, -0.083359, 3.112054, 0.000000
-13.302174, -0.095426, 3.115365, 0.000000
-13.290059, -0.099677, 3.120067, 0.000000
-13.332469, -0.104878, 3.123595, 0.000000
-13.335122, -0.111974, 3.126188, 0.000000
-13.338887, -0.115253, 3.125854, 0.000000
-13.316826, -0.115773, 3.127068, 0.000000
-13.298919, -0.114618, 3.123073, 0.000000
-13.298851, -0.116347, 3.125421, 0.000000
-13.290042, -0.116934, 3.124261, 0.000000
-13.300181, -0.110716, 3.121943, 0.000000
-13.305094, -0.099233, 3.118186, 0.000000
-13.321179, -0.085793, 3.113053, 0.000000
-13.337347, -0.073453, 3.109979, 0.000000
-13.337737, -0.063118, 3.107147, 0.000000
-13.272896, -0.046592, 3.103961, 0.000000
-13.275315, -0.036880, 3.102008, 0.000000
-13.269285, -0.028146, 3.096779, 0.000000
-13.319693, -0.020978, 3.095904, 0.000000
-13.346123, -0.016428, 3.097214, 0.000000
-13.375676, -0.008752, 3.092903, 0.000000
-13.383175, -0.007256, 3.092887, 0.000000
-13.474782, -0.000117, 3.093172, 0.000000
-13.455810, -0.003870, 3.097355, 0.000000
-13.423111, -0.005850, 3.098823, 0.000000
-13.404693, -0.005773, 3.094955, 0.000000
-13.424709, 0.000232, 3.092094, 0.000000
-13.438396, 0.003597, 3.094294, 0.000000
-13.499432, 0.006692, 3.093570, 0.000000
-13.503697, 0.006337, 3.095473, 0.000000
-13.499360, 0.002120, 3.097889, 0.000000
-13.483294, -0.003899, 3.098340, 0.000000
-13.443060, -0.012590, 3.103036, 0.000000
-13.461412, -0.012085, 3.101411, 0.000000
-13.445321, -0.025156, 3.104856, 0.000000
-13.438197, -0.043608, 3.111025, 0.000000
-13.465076, -0.047808, 3.110065, 0.000000
-13.466734, -0.048405, 3.111267, 0.000000
-13.471969, -0.046197, 3.111255, 0.000000
-13.463296, -0.044855, 3.110580, 0.000000
-13.483357, -0.036643, 3.109360, 0.000000
-13.502004, -0.035099, 3.107403, 0.000000
-13.486013, -0.035644, 3.110285, 0.000000
-13.474125, -0.028288, 3.108239, 0.000000
-13.527694, -0.021091, 3.106597, 0.000000
-13.541762, -0.016474, 3.108233, 0.000000
-13.570521, -0.021670, 3.106192, 0.000000
-13.489938, -0.030401, 3.108134, 0.000000
-13.452172, -0.031992, 3.108548, 0.000000
-13.479019, -0.032343, 3.107884, 0.000000
-13.483193, -0.030091, 3.105274, 0.000000
-13.517271, -0.025852, 3.106964, 0.000000
-13.501394, -0.023477, 3.107119, 0.000000
-13.559830, -0.019391, 3.107058, 0.000000
-13.569483, -0.023085, 3.107202, 0.000000
-13.580668, -0.023248, 3.104864, 0.000000
-13.604094, -0.018655, 3.108320, 0.000000
-13.620811, -0.017739, 3.107889, 0.000000
-13.709535, -0.018114, 3.106729, 0.000000
-13.677379, -0.014978, 3.105777, 0.000000
-13.714729, -0.011946, 3.108147, 0.000000
-13.685650, -0.016653, 3.109064, 0.000000
-13.666275, -0.029145, 3.108615, 0.000000
-13.644135, -0.040865, 3.111521, 0.000000
-13.661968, -0.043086, 3.111123, 0.000000
-13.620012, -0.038885, 3.111288, 0.000000
-13.619832, -0.038134, 3.111388, 0.000000
-13.627011, -0.041799, 3.111055, 0.000000
-13.628014, -0.040410, 3.110999, 0.000000
-13.662986, -0.038208, 3.110260, 0.000000
-13.641570, -0.032114, 3.109331, 0.000000
-13.615551, -0.029003, 3.109657, 0.000000
-13.700479, -0.021906, 3.107911, 0.000000
-13.687097, -0.023398, 3.108198, 0.000000
-13.689123, -0.018777, 3.106400, 0.000000
-13.665395, -0.012992, 3.106840, 0.000000
-13.633326, -0.011217, 3.104035, 0.000000
-13.638735, -0.010662, 3.106356, 0.000000
-13.582587, -0.012921, 3.104719, 0.000000
-13.570997, -0.013481, 3.105124, 0.000000
-13.540630, -0.022188, 3.107789, 0.000000
-13.540566, -0.029579, 3.107953, 0.000000
-13.513394, -0.035937, 3.109988, 0.000000
-13.543381, -0.038172, 3.109185, 0.000000
-13.598227, -0.029793, 3.109324, 0.000000
-13.567643, -0.029913, 3.107945, 0.000000
-13.580249, -0.029573, 3.110792, 0.000000
-13.576232, -0.028140, 3.108329, 0.000000
-13.575881, -0.029037, 3.108751, 0.000000
-13.690898, -0.025194, 3.109498, 0.000000
-13.715187, -0.018843, 3.107526, 0.000000
-13.685077, -0.017219, 3.107369, 0.000000
-13.778776, -0.015675, 3.108354, 0.000000
-13.756965, -0.013366, 3.108244, 0.000000
-13.845074, -0.009926, 3.107932, 0.000000
-13.929595, -0.010167, 3.105842, 0.000000
-13.873142, -0.027607, 3.110482, 0.000000
-13.873848, -0.040568, 3.111832, 0.000000
-13.883014, -0.042530, 3.113069, 0.000000
-13.858319, -0.037536, 3.113659, 0.000000
-13.842406, -0.032257, 3.111829, 0.000000
-13.818647, -0.036479, 3.109484, 0.000000
-13.815159, -0.030957, 3.111340, 0.000000
-13.748721, -0.013353, 3.108774, 0.000000
-13.754117, -0.005142, 3.107208, 0.000000
-13.782667, -0.005623, 3.106889, 0.000000
-13.828767, -0.010422, 3.106168, 0.000000
-13.799823, -0.011541, 3.106339, 0.000000
-13.822227, -0.011896, 3.105842, 0.000000
-13.810154, -0.017746, 3.108140, 0.000000
-13.775133, -0.019620, 3.107313, 0.000000
-13.811139, -0.017709, 3.108546, 0.000000
-13.822000, -0.017174, 3.107958, 0.000000
-13.826245, -0.017066, 3.107801, 0.000000
-13.848740, -0.016050, 3.107771, 0.000000
-13.841586, -0.013466, 3.106944, 0.000000
-13.809123, -0.012807, 3.105846, 0.000000
-13.802707, -0.011923, 3.109543, 0.000000
-13.794014, -0.017560, 3.107518, 0.000000
-13.789006, -0.023270, 3.108948, 0.000000
-13.812132, -0.022036, 3.107922, 0.000000
-13.768820, -0.023315, 3.109804, 0.000000
-13.765951, -0.019213, 3.109324, 0.000000
-13.792424, -0.021002, 3.108738, 0.000000
-13.757638, -0.020366, 3.107839, 0.000000
-13.794015, -0.018491, 3.107873, 0.000000
-13.766107, -0.025109, 3.108749, 0.000000
-13.769197, -0.031361, 3.111479, 0.000000
-13.748307, -0.032426, 3.110480, 0.000000
-13.694813, -0.034711, 3.110324, 0.000000
-13.640261, -0.037336, 3.109785, 0.000000
-13.610041, -0.036191, 3.109566, 0.000000
-13.621008, -0.026079, 3.108321, 0.000000
-13.552072, -0.022212, 3.106101, 0.000000
-13.622705, -0.020836, 3.103461, 0.000000
-13.636718, -0.016154, 3.104902, 0.000000
-13.616906, -0.017612, 3.108295, 0.000000
-13.559981, -0.024238, 3.109136, 0.000000
-13.598296, -0.017084, 3.108343, 0.000000
-13.560474, -0.018995, 3.106689, 0.000000
-13.588503, -0.022931, 3.109088, 0.000000
-13.548111, -0.023163, 3.106908, 0.000000
-13.543472, -0.022246, 3.104876, 0.000000
-13.543746, -0.031981, 3.109392, 0.000000
-13.549262, -0.038761, 3.110069, 0.000000
-13.526746, -0.037879, 3.109629, 0.000000
-13.539882, -0.034347, 3.109213, 0.000000
-13.499230, -0.031864, 3.110517, 0.000000
-13.581251, -0.033588, 3.110266, 0.000000
-13.538632, -0.035676, 3.111036, 0.000000
-13.550758, -0.038611, 3.110151, 0.000000
-13.537446, -0.042425, 3.110230, 0.000000
-13.538041, -0.039449, 3.110435, 0.000000
-13.574323, -0.039121, 3.112510, 0.000000
-13.659126, -0.031629, 3.109130, 0.000000
-13.709934, -0.031758, 3.110019, 0.000000
-13.768037, -0.028665, 3.110277, 0.000000
-13.768773, -0.027399, 3.109454, 0.000000
-13.803456, -0.026120, 3.109647, 0.000000
-13.790646, -0.023343, 3.109857, 0.000000
-13.822934, -0.022843, 3.106487, 0.000000
-13.840434, -0.021495, 3.108627, 0.000000
-13.846789, -0.011020, 3.109592, 0.000000
-13.886806, -0.023023, 3.119334, 0.000000
-13.896728, -0.033988, 3.122956, 0.000000
-13.899002, -0.039420, 3.130660, 0.000000
-13.892388, -0.017238, 3.130757, 0.000000
-13.877213, -0.007181, 3.127352, 0.000000
-13.908076, -0.004884, 3.132022, 0.000000
-13.881308, -0.011385, 3.135428, 0.000000
-13.887268, -0.016943, 3.134985, 0.000000
-13.906910, -0.019631, 3.135241, 0.000000
-13.966060, -0.016257, 3.136340, 0.000000
-13.979616, -0.015340, -3.141280, 0.000000
-13.965969, -0.018319, -3.137650, 0.000000
-14.002258, -0.030787, -3.129003, 0.000000
-13.984940, -0.040069, -3.121372, 0.000000
-14.028530, -0.054696, -3.112223, 0.000000
-13.982914, -0.083677, -3.099556, 0.000000
-14.026157, -0.136490, -3.078583, 0.000000
-14.009129, -0.156946, -3.074511, 0.000000
-13.980152, -0.160349, -3.069778, 0.000000
-13.973717, -0.155921, -3.068799, 0.000000
-14.002982, -0.159252, -3.067467, 0.000000
-13.993487, -0.160772, -3.070725, 0.000000
-13.980333, -0.161501, -3.074614, 0.000000
-13.958656, -0.161456, -3.077375, 0.000000
-13.850968, -0.149267, -3.083024, 0.000000
-13.728667, -0.138959, -3.071813, 0.000000
-13.658130, -0.154156, -3.012945, 0.000000
-13.562012, -0.159192, -2.978218, 0.000000
-13.481682, -0.155179, -2.965508, 0.000000
-13.413476, -0.161313, -2.936018, 0.000000
-13.339465, -0.162219, -2.926595, 0.000000
-13.261587, -0.153607, -2.928679, 0.000000
-13.219306, -0.147299, -2.913492, 0.000000
-13.172831, -0.141073, -2.918262, 0.000000
-13.136628, -0.139226, -2.917330, 0.000000
-13.105122, -0.126381, -2.895030, 0.000000
-13.077428, -0.128729, -2.851186, 0.000000
-13.068565, -0.133345, -2.850919, 0.000000
-13.063549, -0.147346, -2.811510, 0.000000
-13.058787, -0.149989, -2.799057, 0.000000
-13.053728, -0.155948, -2.773197, 0.000000
-13.057460, -0.163817, -2.764464, 0.000000
-13.067709, -0.181012, -2.722203, 0.000000
-13.079466, -0.186161, -2.727236, 0.000000
-13.103634, -0.192663, -2.712271, 0.000000
-13.159925, -0.225863, -2.682513, 0.000000
-13.183938, -0.244596, -2.668165, 0.000000
-13.229790, -0.281261, -2.655708, 0.000000
-13.244909, -0.298107, -2.643349, 0.000000
-13.275179, -0.318994, -2.616854, 0.000000
-13.298653, -0.326524, -2.603579, 0.000000
-13.305938, -0.324328, -2.607734, 0.000000
-13.324013, -0.339746, -2.558133, 0.000000
-13.351590, -0.370104, -2.553110, 0.000000
-13.359607, -0.378269, -2.552164, 0.000000
-13.376550, -0.394832, -2.535902, 0.000000
-13.413784, -0.424117, -2.502138, 0.000000
-13.439403, -0.435437, -2.547630, 0.000000
-13.447851, -0.442279, -2.564117, 0.000000
-13.470912, -0.455424, -2.558009, 0.000000
-13.484060, -0.470290, -2.608918, 0.000000
-13.498276, -0.481199, -2.611287, 0.000000
-13.533078, -0.505185, -2.598857, 0.000000
-13.550655, -0.522168, -2.622527, 0.000000
-13.567458, -0.530642, -2.619476, 0.000000
-13.607466, -0.555221, -2.602420, 0.000000
-13.630969, -0.569437, -2.595507, 0.000000
-13.656582, -0.584632, -2.609815, 0.000000
-13.668574, -0.585021, -2.605309, 0.000000
-13.664128, -0.569341, -2.687321, 0.000000
-13.461447, -0.359737, 2.999642, 0.000000
-13.428604, -0.299377, 2.900026, 0.000000
-13.442320, -0.275486, 2.917730, 0.000000
-13.470546, -0.250432, 2.927809, 0.000000
-13.482981, -0.228628, 2.927235, 0.000000
-13.498820, -0.210603, 2.941058, 0.000000
-13.556743, -0.191815, 2.954234, 0.000000
-13.556511, -0.181502, 2.948323, 0.000000
-13.572464, -0.169781, 2.961701, 0.000000
-13.628341, -0.158965, 2.976087, 0.000000
-13.648887, -0.153260, 2.982751, 0.000000
-13.694980, -0.144779, 2.987097, 0.000000
-13.797510, -0.133352, 3.000012, 0.000000
-13.916948, -0.123819, 3.014801, 0.000000
-14.032469, -0.114555, 3.021937, 0.000000
-14.124120, -0.112031, 3.019145, 0.000000
-14.176038, -0.110058, 3.023929, 0.000000
-14.258397, -0.096133, 2.994203, 0.000000
-14.279344, -0.084410, 2.996886, 0.000000
-14.280747, -0.075230, 2.995550, 0.000000
-14.335038, -0.068632, 3.028866, 0.000000
-14.329999, -0.072240, 3.044789, 0.000000
-14.355183, -0.070022, 3.063552, 0.000000
-14.385125, -0.068201, 3.081209, 0.000000
-14.394711, -0.067741, 3.087233, 0.000000
-14.714860, 0.034066, 2.986031, 0.000000
-14.875179, 0.066494, 2.982465, 0.000000
-14.979426, 0.081640, 2.921874, 0.000000
-15.042156, 0.089426, 2.899801, 0.000000
-15.135622, 0.105339, 2.891804, 0.000000
-15.289647, 0.149498, 2.545377, 0.000000
-15.519354, 0.238093, 1.730630, 0.000000
-15.620068, 0.290402, 1.635505, 0.000000
-15.704538, 0.291089, 1.617832, 0.000000
-15.773363, 0.324849, 1.632113, 0.000000
-15.813824, 0.361154, 1.638746, 0.000000
-15.841357, 0.400032, 1.648172, 0.000000
-15.862189, 0.433482, 1.651937, 0.000000
-15.887883, 0.571220, 1.666418, 0.000000
-15.903272, 0.644623, 1.661777, 0.000000
-15.917573, 0.715894, 1.657389, 0.000000
-15.932678, 0.853898, 1.658393, 0.000000
-15.942980, 0.905793, 1.663336, 0.000000
-15.948124, 0.971054, 1.655633, 0.000000
-15.945070, 0.988045, 1.651874, 0.000000
-15.937937, 1.022788, 1.650796, 0.000000
-15.935289, 1.063257, 1.646408, 0.000000
-15.942475, 1.146697, 1.642804, 0.000000
-15.940570, 1.164234, 1.640935, 0.000000
-15.942285, 1.196675, 1.640247, 0.000000
-15.946366, 1.308280, 1.635779, 0.000000
-15.948928, 1.326796, 1.627850, 0.000000
-15.950060, 1.397656, 1.626877, 0.000000
-15.951704, 1.419359, 1.625038, 0.000000
-15.954857, 1.487922, 1.629572, 0.000000
-15.953111, 1.491094, 1.625426, 0.000000
-15.963819, 1.597605, 1.626778, 0.000000
-15.961575, 1.652062, 1.622461, 0.000000
-15.961830, 1.768361, 1.617838, 0.000000
-15.954732, 1.852781, 1.624680, 0.000000
-15.951029, 1.900765, 1.625852, 0.000000
-15.945819, 1.997457, 1.626482, 0.000000
-15.951018, 2.063578, 1.626630, 0.000000
-15.957017, 2.192801, 1.640348, 0.000000
-15.969662, 2.333642, 1.650011, 0.000000
-15.980570, 2.459617, 1.664382, 0.000000
-15.989903, 2.626542, 1.671664, 0.000000
-15.997859, 2.759600, 1.677697, 0.000000
-16.015706, 2.888946, 1.667979, 0.000000
-16.029922, 2.997019, 1.670688, 0.000000
-16.039282, 3.109886, 1.675386, 0.000000
-16.050873, 3.181750, 1.672253, 0.000000
-16.059870, 3.317192, 1.658257, 0.000000
-16.050384, 3.438341, 1.672302, 0.000000
-16.048272, 3.514849, 1.659642, 0.000000
-16.046350, 3.545887, 1.656236, 0.000000
-16.046910, 3.665381, 1.644069, 0.000000
-16.033861, 3.725452, 1.675905, 0.000000
-16.034983, 3.827002, 1.666790, 0.000000
-16.037008, 3.884762, 1.658355, 0.000000
-16.048752, 4.008802, 1.632673, 0.000000
-16.058340, 4.073801, 1.610452, 0.000000
-16.057118, 4.133650, 1.607614, 0.000000
-16.065300, 4.200131, 1.589336, 0.000000
-16.071776, 4.267892, 1.578274, 0.000000
-16.077406, 4.389224, 1.563712, 0.000000
-16.083569, 4.440825, 1.550636, 0.000000
-16.083146, 4.511038, 1.519700, 0.000000
-16.076125, 4.585940, 1.476263, 0.000000
-16.060189, 4.680453, 1.419152, 0.000000
-16.028861, 4.804548, 1.361089, 0.000000
-16.000833, 4.916086, 1.313573, 0.000000
-15.962019, 5.033996, 1.253675, 0.000000
-15.925080, 5.132539, 1.234514, 0.000000
-15.869933, 5.287371, 1.199529, 0.000000
-15.836409, 5.368767, 1.165282, 0.000000
-15.804702, 5.441501, 1.140519, 0.000000
-15.786737, 5.500913, 1.140485, 0.000000
-15.768235, 5.559137, 1.139103, 0.000000
-15.759817, 5.604698, 1.156247, 0.000000
-15.760743, 5.623735, 1.145994, 0.000000
-15.756035, 5.673137, 1.156006, 0.000000
-15.749185, 5.700251, 1.158169, 0.000000
-15.746537, 5.734574, 1.157778, 0.000000
-15.741250, 5.772160, 1.140798, 0.000000
-15.751583, 5.802928, 1.053996, 0.000000
-15.743985, 5.839800, 1.035957, 0.000000
-15.744610, 5.864670, 0.981398, 0.000000
-15.738729, 5.910227, 0.948925, 0.000000
-15.756336, 5.941554, 0.830908, 0.000000
-15.774478, 5.965886, 0.714322, 0.000000
-15.750978, 5.987799, 0.839460, 0.000000
-15.756918, 6.000561, 0.806361, 0.000000
-15.749843, 6.024680, 0.796456, 0.000000
-15.751334, 6.047567, 0.806485, 0.000000
-15.767091, 6.075660, 0.735659, 0.000000
-15.776793, 6.095035, 0.735302, 0.000000
-15.758154, 6.103418, 0.846597, 0.000000
-15.756818, 6.119263, 0.836362, 0.000000
-15.754133, 6.139311, 0.843354, 0.000000
-15.749287, 6.158968, 0.846666, 0.000000
-15.746458, 6.188383, 0.832899, 0.000000
-15.755176, 6.193059, 0.830776, 0.000000
-15.742859, 6.214530, 0.898950, 0.000000
-15.735200, 6.224041, 0.913260, 0.000000
-15.720856, 6.252543, 0.925745, 0.000000
-15.721781, 6.258986, 0.932647, 0.000000
-15.714238, 6.305663, 0.927014, 0.000000
-15.725993, 6.319439, 0.915344, 0.000000
-15.728739, 6.337637, 0.915355, 0.000000
-15.722369, 6.363148, 0.942667, 0.000000
-15.704928, 6.382987, 1.034693, 0.000000
-15.699040, 6.408886, 0.994117, 0.000000
-15.692738, 6.430630, 0.997838, 0.000000
-15.688812, 6.447968, 1.010956, 0.000000
-15.682475, 6.494120, 1.014262, 0.000000
-15.679578, 6.519973, 1.014376, 0.000000
-15.673851, 6.548452, 1.038291, 0.000000
-15.670758, 6.561507, 1.093770, 0.000000
-15.668668, 6.585118, 1.080456, 0.000000
-15.659112, 6.623894, 1.086488, 0.000000
-15.650014, 6.657511, 1.104250, 0.000000
-15.647291, 6.685946, 1.108232, 0.000000
-15.645714, 6.712950, 1.104273, 0.000000
-15.646462, 6.738282, 1.104548, 0.000000
-15.644237, 6.763238, 1.149764, 0.000000
-15.633273, 6.785264, 1.222451, 0.000000
-15.624446, 6.825182, 1.185856, 0.000000
-15.618761, 6.852553, 1.195096, 0.000000
-15.612727, 6.890981, 1.202194, 0.000000
-15.609740, 6.931942, 1.217450, 0.000000
-15.613337, 6.946010, 1.203697, 0.000000
-15.602401, 7.010963, 1.256346, 0.000000
-15.596825, 7.049147, 1.258585, 0.000000
-15.587293, 7.087587, 1.278040, 0.000000
-15.578026, 7.143211, 1.287874, 0.000000
-15.574865, 7.196590, 1.300860, 0.000000
-15.578531, 7.226849, 1.318888, 0.000000
-15.576173, 7.278487, 1.313400, 0.000000
-15.574260, 7.320067, 1.339602, 0.000000
-15.563800, 7.374431, 1.357617, 0.000000
-15.550688, 7.408267, 1.374806, 0.000000
-15.545672, 7.459775, 1.391634, 0.000000
-15.539640, 7.558709, 1.436871, 0.000000
-15.543590, 7.631658, 1.413368, 0.000000
-15.532654, 7.727454, 1.449313, 0.000000
-15.524483, 7.880823, 1.476659, 0.000000
-15.518884, 8.034761, 1.488582, 0.000000
-15.516779, 8.162460, 1.519087, 0.000000
-15.517523, 8.215609, 1.526552, 0.000000
-15.521270, 8.301049, 1.530464, 0.000000
-15.524132, 8.406571, 1.527751, 0.000000
-15.526547, 8.472620, 1.521394, 0.000000
-15.521605, 8.559891, 1.512875, 0.000000
-15.517110, 8.636429, 1.521169, 0.000000
-15.509486, 8.703093, 1.529489, 0.000000
-15.504478, 8.757194, 1.534016, 0.000000
-15.494991, 8.836986, 1.536616, 0.000000
-15.488535, 8.909813, 1.535887, 0.000000
-15.484311, 8.978590, 1.536413, 0.000000
-15.486291, 9.038129, 1.536329, 0.000000
-15.483151, 9.056333, 1.537383, 0.000000
-15.480302, 9.158365, 1.535972, 0.000000
-15.476640, 9.171355, 1.537376, 0.000000
-15.474927, 9.243102, 1.535234, 0.000000
-15.474598, 9.284688, 1.533949, 0.000000
-15.476202, 9.432119, 1.528015, 0.000000
-15.481212, 9.508300, 1.529694, 0.000000
-15.481208, 9.627928, 1.532246, 0.000000
-15.481364, 9.669163, 1.539050, 0.000000
-15.480000, 9.767004, 1.543686, 0.000000
-15.480189, 9.801915, 1.543477, 0.000000
-15.480526, 9.818360, 1.546326, 0.000000
-15.473002, 9.910228, 1.555900, 0.000000
-15.469593, 9.956556, 1.557441, 0.000000
-15.470751, 10.030818, 1.557537, 0.000000
-15.471689, 10.093616, 1.554020, 0.000000
-15.472007, 10.149163, 1.557759, 0.000000
-15.473508, 10.208611, 1.561399, 0.000000
-15.473865, 10.233334, 1.561952, 0.000000
-15.476213, 10.308786, 1.559658, 0.000000
-15.474651, 10.315075, 1.561860, 0.000000
-15.470259, 10.374716, 1.562207, 0.000000
-15.466255, 10.406528, 1.557992, 0.000000
-15.467844, 10.445122, 1.562901, 0.000000
-15.470299, 10.471806, 1.559542, 0.000000
-15.475198, 10.518657, 1.557913, 0.000000
-15.475987, 10.555488, 1.560578, 0.000000
-15.473056, 10.618341, 1.561786, 0.000000
-15.473905, 10.658205, 1.558618, 0.000000
-15.476216, 10.643734, 1.556894, 0.000000
-15.477787, 10.682704, 1.559362, 0.000000
-15.476971, 10.751880, 1.554044, 0.000000
-15.480076, 10.798701, 1.552456, 0.000000
-15.478950, 10.848571, 1.553620, 0.000000
-15.476574, 10.921469, 1.550124, 0.000000
-15.475637, 10.951269, 1.549386, 0.000000
-15.471461, 11.035738, 1.544675, 0.000000
-15.463374, 11.076600, 1.541429, 0.000000
-15.452576, 11.106500, 1.534542, 0.000000
-15.443515, 11.140096, 1.534561, 0.000000
-15.439054, 11.180706, 1.534819, 0.000000
-15.440694, 11.218244, 1.534230, 0.000000
-15.435144, 11.214241, 1.528937, 0.000000
-15.431018, 11.287530, 1.526367, 0.000000
-15.421849, 11.367918, 1.518270, 0.000000
-15.415097, 11.445794, 1.511087, 0.000000
-15.405057, 11.551439, 1.511730, 0.000000
-15.391780, 11.664996, 1.510702, 0.000000
-15.378548, 11.770751, 1.513240, 0.000000
-15.372354, 11.783206, 1.511754, 0.000000
-15.363265, 11.884548, 1.503655, 0.000000
-15.351868, 11.974276, 1.498335, 0.000000
-15.351388, 11.970805, 1.498710, 0.000000
-15.344618, 12.042082, 1.494642, 0.000000
-15.337730, 12.102913, 1.490144, 0.000000
-15.340190, 12.103468, 1.494732, 0.000000
-15.326853, 12.216010, 1.480659, 0.000000
-15.323039, 12.234752, 1.472009, 0.000000
-15.313963, 12.298000, 1.464328, 0.000000
-15.311826, 12.336997, 1.457523, 0.000000
-15.302033, 12.424598, 1.438333, 0.000000
-15.285421, 12.493080, 1.420336, 0.000000
-15.278672, 12.552331, 1.397491, 0.000000
-15.274235, 12.574412, 1.386668, 0.000000
-15.268782, 12.599301, 1.378845, 0.000000
-15.266111, 12.611504, 1.367590, 0.000000
-15.259313, 12.641429, 1.359529, 0.000000
-15.261099, 12.612536, 1.363907, 0.000000
-15.240687, 12.676224, 1.316534, 0.000000
-15.234733, 12.666388, 1.308655, 0.000000
-15.225680, 12.684167, 1.295904, 0.000000
-15.202836, 12.750886, 1.240421, 0.000000
-15.138429, 12.863025, 0.993862, 0.000000
-14.920854, 13.168868, 0.227988, 0.000000
-14.839876, 13.239584, 0.077260, 0.000000
-14.772273, 13.273114, 0.033376, 0.000000
-14.742122, 13.294448, 0.018573, 0.000000
-14.723112, 13.311808, 0.008000, 0.000000
-14.675358, 13.324953, 0.004492, 0.000000
-14.576325, 13.332673, -0.008018, 0.000000
-14.505720, 13.338035, -0.019733, 0.000000
-14.411338, 13.342031, -0.017935, 0.000000
-14.285298, 13.343049, -0.024595, 0.000000
-14.238866, 13.350306, -0.025259, 0.000000
-14.103601, 13.349080, -0.030049, 0.000000
-14.064169, 13.351446, -0.036668, 0.000000
-13.970141, 13.355190, -0.029563, 0.000000
-13.950220, 13.357954, -0.029317, 0.000000
-13.956785, 13.365371, -0.023518, 0.000000
-13.928768, 13.366762, -0.028938, 0.000000
-13.926255, 13.369494, -0.022320, 0.000000
-13.929684, 13.371443, -0.019299, 0.000000
-13.932488, 13.368818, -0.022926, 0.000000
-13.959459, 13.369099, -0.022481, 0.000000
-13.968586, 13.370523, -0.019229, 0.000000
-14.002804, 13.371401, -0.019952, 0.000000
-14.019278, 13.371239, -0.013152, 0.000000
-14.053389, 13.374758, -0.014277, 0.000000
-14.072075, 13.371959, -0.017494, 0.000000
-14.090059, 13.369838, -0.022905, 0.000000
-14.101576, 13.370061, -0.018368, 0.000000
-14.117745, 13.371116, -0.024959, 0.000000
-14.116415, 13.368103, -0.019127, 0.000000
-14.124914, 13.368506, -0.023414, 0.000000
-14.122987, 13.370858, -0.012508, 0.000000
-14.127276, 13.374129, -0.013167, 0.000000
-14.133308, 13.373485, -0.016300, 0.000000
-14.137611, 13.375145, -0.013114, 0.000000
-14.135132, 13.372781, -0.016977, 0.000000
-14.128019, 13.372089, -0.017487, 0.000000
-14.135797, 13.372471, -0.014898, 0.000000
-14.139286, 13.369429, -0.014381, 0.000000
-14.154396, 13.368512, -0.022308, 0.000000
-14.156680, 13.368524, -0.022034, 0.000000
-14.151323, 13.368041, -0.019605, 0.000000
-14.153123, 13.368075, -0.018294, 0.000000
-14.151809, 13.369616, -0.019676, 0.000000
-14.152138, 13.370586, -0.013312, 0.000000
-14.139149, 13.370980, -0.009813, 0.000000
-14.143424, 13.372098, -0.017188, 0.000000
-14.138961, 13.373954, -0.009852, 0.000000
-14.142910, 13.370773, -0.013172, 0.000000
-14.141766, 13.373516, -0.019065, 0.000000
-14.143640, 13.374310, -0.012625, 0.000000
-14.135511, 13.373831, -0.017056, 0.000000
-14.133457, 13.372218, -0.017983, 0.000000
-14.135634, 13.372719, -0.014623, 0.000000
-14.137747, 13.373688, -0.016825, 0.000000
-14.146435, 13.374827, -0.018174, 0.000000
-14.140953, 13.374726, -0.013926, 0.000000
